Workbook

Sheet Assessment Scorecard
B1: Performance Review Template: Product Owner | K1: Download a copy to play with the file!
M3: Space for your KPIs
B4: Employee Full Name: | F4: Sample PM (illustrative, not a real person) | M4: KPI - Q3 26 | Q4: Achieved? | R4: Link
B5: Seniority: | F5: Mid | M5: D1 line outcome: monthly disbursement vs target (P__, TBD with Ivan) | Q5: TBD end Q3 | R5: Tracker: KPI Targets H2
B6: Culture Grade | F6: =IFERROR(IF(MIN(Parameters!$J$25:$L$25)<0,"Underperformer",IF(MIN(Parameters!$J$25:$L$25)>=1,"A-player","Above the Bar")),"TBC") -> Above the Bar | M6: D2 key driver: acceptance and conversion vs target (TBD) | Q6: TBD end Q3 | R6: Tracker: KPI Targets H2
B7: Deliverables Grade | F7: =IFERROR(IF($G$15<0,"Underperformer",IF($G$15>=2,"A-player","Above the Bar")),"TBC") -> Above the Bar | M7: D3 delivery: agreed roadmap steps shipped on pace (on-time rate) | Q7: On track | R7: Delivery Scoreboard
B8: Skills Grade | F8: =IFERROR(IF(MIN(Parameters!$N$25:$P$25)<0,"Underperformer",IF(MIN(Parameters!$N$25:$P$25)>=1,"A-player","Above the Bar")),"TBC") -> A-player
B9: Overall Grade | F9: =IFERROR(IF(COUNTIFS($F$6:$F$8,"Underperformer")>0,"Underperformer",IF(COUNTIFS($F$6:$F$8,"A-player")>1,"A-player","Above The Bar")),"TBC") -> Above The Bar
M10: Space for Feedback
F11: Your Score | G11: Diff | H11: Talent Bar | M11: Strengths
B12: Culture | D12: Dream Team | F12: =W38 -> Intermediate | G12: {=INDEX(Parameters!$D$5:$D$9,MATCH(F12,Parameters!$B$5:$B$9,0))-INDEX(Parameters!$D$5:$D$9,MATCH(H12,Parameters!$B$5:$B$9,0))} -> 1 | H12: {=IFERROR(INDEX(Parameters!$C$17:$I$20,MATCH($F$5,Parameters!$B$17:$B$20,0),MATCH(D12,Parameters!$C$16:$I$16,0)),"TBC")} -> Basic | M12: Owns problems end to end, strong bias to action
D13: Push the Limits | F13: =W59 -> Basic | G13: {=INDEX(Parameters!$D$5:$D$9,MATCH(F13,Parameters!$B$5:$B$9,0))-INDEX(Parameters!$D$5:$D$9,MATCH(H13,Parameters!$B$5:$B$9,0))} -> 0 | H13: {=IFERROR(INDEX(Parameters!$C$17:$I$20,MATCH($F$5,Parameters!$B$17:$B$20,0),MATCH(D13,Parameters!$C$16:$I$16,0)),"TBC")} -> Basic | M13: Data-driven prioritization, solid grasp of the metric tree
D14: Get It Done | F14: =W70 -> Intermediate | G14: {=INDEX(Parameters!$D$5:$D$9,MATCH(F14,Parameters!$B$5:$B$9,0))-INDEX(Parameters!$D$5:$D$9,MATCH(H14,Parameters!$B$5:$B$9,0))} -> 1 | H14: {=IFERROR(INDEX(Parameters!$C$17:$I$20,MATCH($F$5,Parameters!$B$17:$B$20,0),MATCH(D14,Parameters!$C$16:$I$16,0)),"TBC")} -> Basic | M14: Reliable delivery track record in the exec tracker
B15: Deliverables Score | F15: =W89 -> Advanced | G15: {=INDEX(Parameters!$D$5:$D$9,MATCH(F15,Parameters!$B$5:$B$9,0))-INDEX(Parameters!$D$5:$D$9,MATCH(H15,Parameters!$B$5:$B$9,0))} -> 1 | H15: {=IFERROR(INDEX(Parameters!$C$17:$I$20,MATCH($F$5,Parameters!$B$17:$B$20,0),MATCH("Deliverables",Parameters!$C$16:$I$16,0)),"TBC")} -> Intermediate | M15: Improvement Areas
B16: Skills | D16: Problem Solving | F16: =W99 -> Advanced | G16: {=INDEX(Parameters!$D$5:$D$9,MATCH(F16,Parameters!$B$5:$B$9,0))-INDEX(Parameters!$D$5:$D$9,MATCH(H16,Parameters!$B$5:$B$9,0))} -> 1 | H16: {=IFERROR(INDEX(Parameters!$C$17:$I$20,MATCH($F$5,Parameters!$B$17:$B$20,0),MATCH(D16,Parameters!$C$16:$I$16,0)),"TBC")} -> Intermediate | M16: Push the limits: propose new levers, not only execute the agreed ones
D17: Lifecycle Management | F17: =W112 -> Intermediate | G17: {=INDEX(Parameters!$D$5:$D$9,MATCH(F17,Parameters!$B$5:$B$9,0))-INDEX(Parameters!$D$5:$D$9,MATCH(H17,Parameters!$B$5:$B$9,0))} -> 1 | H17: {=IFERROR(INDEX(Parameters!$C$17:$I$20,MATCH($F$5,Parameters!$B$17:$B$20,0),MATCH(D17,Parameters!$C$16:$I$16,0)),"TBC")} -> Basic | M17: Sharpen margin and risk diagnosis (Tier 2 questions)
D18: Product Sense | F18: =W134 -> Intermediate | G18: {=INDEX(Parameters!$D$5:$D$9,MATCH(F18,Parameters!$B$5:$B$9,0))-INDEX(Parameters!$D$5:$D$9,MATCH(H18,Parameters!$B$5:$B$9,0))} -> 1 | H18: {=IFERROR(INDEX(Parameters!$C$17:$I$20,MATCH($F$5,Parameters!$B$17:$B$20,0),MATCH(D18,Parameters!$C$16:$I$16,0)),"TBC")} -> Basic | M18: Raise first-pass quality to cut iterations to done
F20: Score | H20: Description | M20: Yes/No | N20: Value | O20: Toggle | P20: Adj Val | Q20: Examples
B22: Culture (based on QuantumLight's own values) | D22: Dream Team | F22: POOR | H22: Close minded and defensive | M22: No | N22: =1/COUNTA(H22:H25) -> 0.25 | O22: =IF(M22="No",1,0) -> 1 | P22: =O22*N22 -> 0.25
F23: POOR | H23: Obviously political in behaviour | M23: No | N23: =N22 -> 0.25 | O23: =IF(M23="No",1,0) -> 1 | P23: =O23*N23 -> 0.25
F24: POOR | H24: Emotional to direct feedback | M24: No | N24: =N23 -> 0.25 | O24: =IF(M24="No",1,0) -> 1 | P24: =O24*N24 -> 0.25
F25: POOR | H25: Low talent bar | M25: No | N25: =N24 -> 0.25 | O25: =IF(M25="No",1,0) -> 1 | P25: =O25*N25 -> 0.25
F26: BASIC | H26: An open-minded, calm approach to harsh feedback | M26: Yes | N26: =1/COUNTA($H$26:$H$28) -> 0.33333333 | O26: =IF(M26="Yes",1,0) -> 1 | P26: =IF(SUMIFS($P$22:$P25,$F$22:$F25,"POOR")=1,O26*N26,0) -> 0.33333333
F27: BASIC | H27: Respectfully delivers candid feedback in a non-personal way | M27: Yes | N27: =1/COUNTA($H$26:$H$28) -> 0.33333333 | O27: =IF(M27="Yes",1,0) -> 1 | P27: =IF(SUMIFS($P$22:$P26,$F$22:$F26,"POOR")=1,O27*N27,0) -> 0.33333333
F28: BASIC | H28: Does not play politics, puts company interests ahead of their own | M28: Yes | N28: =1/COUNTA($H$26:$H$28) -> 0.33333333 | O28: =IF(M28="Yes",1,0) -> 1 | P28: =IF(SUMIFS($P$22:$P27,$F$22:$F27,"POOR")=1,O28*N28,0) -> 0.33333333
F29: INTERMEDIATE | H29: Driver, not a passenger - initiates, leads, motivates others | M29: Yes | N29: =1/COUNTA($H$29:$H$31) -> 0.33333333 | O29: =IF(M29="Yes",1,0) -> 1 | P29: =IF(SUMIFS($P$22:$P28,$F$22:$F28,"BASIC")=1,O29*N29,0) -> 0.33333333
F30: INTERMEDIATE | H30: Establishes an emotional connection early to maximise performance | M30: Yes | N30: =N29 -> 0.33333333 | O30: =IF(M30="Yes",1,0) -> 1 | P30: =IF(SUMIFS($P$22:$P29,$F$22:$F29,"BASIC")=1,O30*N30,0) -> 0.33333333 | Q30: e.g. led partner sync during launch week without being asked
F31: INTERMEDIATE | H31: Tough coach: hires, keeps and develops only the best talent | M31: Yes | N31: =N30 -> 0.33333333 | O31: =IF(M31="Yes",1,0) -> 1 | P31: =IF(SUMIFS($P$22:$P30,$F$22:$F30,"BASIC")=1,O31*N31,0) -> 0.33333333 | Q31: e.g. flagged and closed the weakest vendor option
F32: ADVANCED | H32: Able to identify culture fit in current and potential employees | M32: No | N32: =1/COUNTA(H32:H35) -> 0.25 | O32: =IF(M32="Yes",1,0) -> 0 | P32: =IF(SUMIFS($P$22:$P31,$F$22:$F31,"INTERMEDIATE")=1,O32*N32,0) -> 0
F33: ADVANCED | H33: Knows in great detail strengths and weaknesses of their A-players | M33: No | N33: =N32 -> 0.25 | O33: =IF(M33="Yes",1,0) -> 0 | P33: =IF(SUMIFS($P$22:$P32,$F$22:$F32,"INTERMEDIATE")=1,O33*N33,0) -> 0
F34: ADVANCED | H34: Attracts and retains only A-players, puts them in the right position to win | M34: No | N34: =N33 -> 0.25 | O34: =IF(M34="Yes",1,0) -> 0 | P34: =IF(SUMIFS($P$22:$P33,$F$22:$F33,"INTERMEDIATE")=1,O34*N34,0) -> 0
F35: ADVANCED | H35: Successfully bets on people with exceptional return-on-investment | M35: No | N35: =N34 -> 0.25 | O35: =IF(M35="Yes",1,0) -> 0 | P35: =IF(SUMIFS($P$22:$P34,$F$22:$F34,"INTERMEDIATE")=1,O35*N35,0) -> 0
F36: EXCEPTIONAL | H36: A mastermind of people, re-defines industries and expectations | M36: No | N36: =1/COUNTA(H36:H38) -> 0.33333333 | O36: =IF(M36="Yes",1,0) -> 0 | P36: =IF(SUMIFS($P$22:$P35,$F$22:$F35,"ADVANCED")=1,O36*N36,0) -> 0
F37: EXPERT | H37: Has scientific approach to building a perfect team | M37: No | N37: =N36 -> 0.33333333 | O37: =IF(M37="Yes",1,0) -> 0 | P37: =IF(SUMIFS($P$22:$P36,$F$22:$F36,"ADVANCED")=1,O37*N37,0) -> 0
F38: EXPERT | H38: Able to identify and attract transformational hires to the company | M38: No | N38: =N37 -> 0.33333333 | O38: =IF(M38="Yes",1,0) -> 0 | P38: =IF(SUMIFS($P$22:$P37,$F$22:$F37,"ADVANCED")=1,O38*N38,0) -> 0 | V38: Your Grade: | W38: {=IFERROR(INDEX(Parameters!$B$5:$B$9,MATCH(SUM($P$22:$P$38),Parameters!$C$5:$C$9,0)),INDEX(Parameters!$B$5:$B$9,MATCH(SUM($P$22:$P$38),Parameters!$C$5:$C$9,1)))} -> Intermediate
D40: Push The Limits | F40: POOR | H40: Not driven by numbers or data | M40: No | N40: =1/COUNTA(H40:H44) -> 0.2 | O40: =IF(M40="No",1,0) -> 1 | P40: =O40*N40 -> 0.2
F41: POOR | H41: No structured approach | M41: No | N41: =N40 -> 0.2 | O41: =IF(M41="No",1,0) -> 1 | P41: =O41*N41 -> 0.2
F42: POOR | H42: Picks the easy option when challenged | M42: No | N42: =N41 -> 0.2 | O42: =IF(M42="No",1,0) -> 1 | P42: =O42*N42 -> 0.2
F43: POOR | H43: Relatively modest ambitions | M43: No | N43: =N42 -> 0.2 | O43: =IF(M43="No",1,0) -> 1 | P43: =O43*N43 -> 0.2
F44: POOR | H44: Weak logic, fantastical/utopian thinking patterns, mis-statements, exaggerations | M44: No | N44: =N43 -> 0.2 | O44: =IF(M44="No",1,0) -> 1 | P44: =O44*N44 -> 0.2
F45: BASIC | H45: Ambitious: pushes themselves, pushes others | M45: Yes | N45: =1/COUNTA($H$45:$H$48) -> 0.25 | O45: =IF(M45="Yes",1,0) -> 1 | P45: =IF(SUMIFS($P$40:$P44,$F$40:$F44,"POOR")=1,O45*N45,0) -> 0.25
F46: BASIC | H46: Learns voraciously, obsessed with self-improvement | M46: Yes | N46: =1/COUNTA($H$45:$H$48) -> 0.25 | O46: =IF(M46="Yes",1,0) -> 1 | P46: =IF(SUMIFS($P$40:$P45,$F$40:$F45,"POOR")=1,O46*N46,0) -> 0.25
F47: BASIC | H47: Strives for excellence: holds a high talent bar, a high-quality bar | M47: Yes | N47: =1/COUNTA($H$45:$H$48) -> 0.25 | O47: =IF(M47="Yes",1,0) -> 1 | P47: =IF(SUMIFS($P$40:$P46,$F$40:$F46,"POOR")=1,O47*N47,0) -> 0.25
F48: BASIC | H48: Raw smart and wise | M48: Yes | N48: =1/COUNTA($H$45:$H$48) -> 0.25 | O48: =IF(M48="Yes",1,0) -> 1 | P48: =IF(SUMIFS($P$40:$P47,$F$40:$F47,"POOR")=1,O48*N48,0) -> 0.25
F49: INTERMEDIATE | H49: Consistently innovates, iterating new approaches to problems | M49: No | N49: =1/COUNTA(H49:H52) -> 0.25 | O49: =IF(M49="Yes",1,0) -> 0 | P49: =IF(SUMIFS($P$40:$P48,$F$40:$F48,"BASIC")=1,O49*N49,0) -> 0
F50: INTERMEDIATE | H50: Hyperlogical, challenges crowd thinking, is right a lot | M50: No | N50: =N49 -> 0.25 | O50: =IF(M50="Yes",1,0) -> 0 | P50: =IF(SUMIFS($P$40:$P49,$F$40:$F49,"BASIC")=1,O50*N50,0) -> 0
F51: INTERMEDIATE | H51: Dives deep in complex areas and simplifies them | M51: No | N51: =N50 -> 0.25 | O51: =IF(M51="Yes",1,0) -> 0 | P51: =IF(SUMIFS($P$40:$P50,$F$40:$F50,"BASIC")=1,O51*N51,0) -> 0
F52: INTERMEDIATE | H52: Regularly contributes outside of core responsibilities | M52: No | N52: =N51 -> 0.25 | O52: =IF(M52="Yes",1,0) -> 0 | P52: =IF(SUMIFS($P$40:$P51,$F$40:$F51,"BASIC")=1,O52*N52,0) -> 0
F53: ADVANCED | H53: Great with both creative and logical thinking | M53: No | N53: =1/COUNTA(H53:H56) -> 0.25 | O53: =IF(M53="Yes",1,0) -> 0 | P53: =IF(SUMIFS($P$40:$P52,$F$40:$F52,"INTERMEDIATE")=1,O53*N53,0) -> 0
F54: ADVANCED | H54: Connects dots in multiple areas/industries/products | M54: No | N54: =N53 -> 0.25 | O54: =IF(M54="Yes",1,0) -> 0 | P54: =IF(SUMIFS($P$40:$P53,$F$40:$F53,"INTERMEDIATE")=1,O54*N54,0) -> 0
F55: ADVANCED | H55: Can extract the essence from highly complex matters and explain it in plain English | M55: No | N55: =N54 -> 0.25 | O55: =IF(M55="Yes",1,0) -> 0 | P55: =IF(SUMIFS($P$40:$P54,$F$40:$F54,"INTERMEDIATE")=1,O55*N55,0) -> 0
F56: ADVANCED | H56: Able to model complex reality through advanced methods | M56: No | N56: =N55 -> 0.25 | O56: =IF(M56="Yes",1,0) -> 0 | P56: =IF(SUMIFS($P$40:$P55,$F$40:$F55,"INTERMEDIATE")=1,O56*N56,0) -> 0
F57: EXPERT | H57: Stellar track record of almost unbelievable achievements | M57: No | N57: =1/COUNTA(H57:H59) -> 0.33333333 | O57: =IF(M57="Yes",1,0) -> 0 | P57: =IF(SUMIFS($P$40:$P56,$F$40:$F56,"ADVANCED")=1,O57*N57,0) -> 0
F58: EXPERT | H58: Relentlessly pushes themselves and others to become number one in the world | M58: No | N58: =N57 -> 0.33333333 | O58: =IF(M58="Yes",1,0) -> 0 | P58: =IF(SUMIFS($P$40:$P57,$F$40:$F57,"ADVANCED")=1,O58*N58,0) -> 0
F59: EXPERT | H59: Ability to see through chaotic complexity and identify patterns, principles and universal laws | M59: No | N59: =N58 -> 0.33333333 | O59: =IF(M59="Yes",1,0) -> 0 | P59: =IF(SUMIFS($P$40:$P58,$F$40:$F58,"ADVANCED")=1,O59*N59,0) -> 0 | V59: Your Grade: | W59: {=IFERROR(INDEX(Parameters!$B$5:$B$9,MATCH(SUM($P$40:$P$59),Parameters!$C$5:$C$9,0)),INDEX(Parameters!$B$5:$B$9,MATCH(SUM($P$40:$P$59),Parameters!$C$5:$C$9,1)))} -> Basic
D61: Get It Done | F61: POOR | H61: Inconsistent track record of impactful deliverables | M61: No | N61: =1/COUNTA(H61:H63) -> 0.33333333 | O61: =IF(M61="No",1,0) -> 1 | P61: =O61*N61 -> 0.33333333
F62: POOR | H62: Average work ethics: rarely put in the additional effort when required | M62: No | N62: =N61 -> 0.33333333 | O62: =IF(M62="No",1,0) -> 1 | P62: =O62*N62 -> 0.33333333
F63: POOR | H63: Lacks grit, backbone, tenacity, focus | M63: No | N63: =N62 -> 0.33333333 | O63: =IF(M63="No",1,0) -> 1 | P63: =O63*N63 -> 0.33333333
F64: BASIC | H64: Ownership: delivers an impressive volume of impactful work | M64: Yes | N64: =1/COUNTA(H64:H65) -> 0.5 | O64: =IF(M64="Yes",1,0) -> 1 | P64: =IF(SUMIFS($P$61:$P63,$F$61:$F63,"POOR")=1,O64*N64,0) -> 0.5
F65: BASIC | H65: Possesses grit, tenacity, focus and bias to action | M65: Yes | N65: =N64 -> 0.5 | O65: =IF(M65="Yes",1,0) -> 1 | P65: =IF(SUMIFS($P$61:$P64,$F$61:$F64,"POOR")=1,O65*N65,0) -> 0.5
F66: INTERMEDIATE | H66: Able to deliver complex projects | M66: Yes | N66: =1/COUNTA(H66:H67) -> 0.5 | O66: =IF(M66="Yes",1,0) -> 1 | P66: =IF(SUMIFS($P$61:$P65,$F$61:$F65,"BASIC")=1,O66*N66,0) -> 0.5 | Q66: e.g. shipped the launch comms flow end to end
F67: INTERMEDIATE | H67: Excellent work ethic: works incredibly hard and goes the extra mile to deliver outstanding results | M67: Yes | N67: =N66 -> 0.5 | O67: =IF(M67="Yes",1,0) -> 1 | P67: =IF(SUMIFS($P$61:$P66,$F$61:$F66,"BASIC")=1,O67*N67,0) -> 0.5
F68: ADVANCED | H68: Can break through walls and achieve almost impossible goals | M68: No | N68: =1/COUNTA(H68:H69) -> 0.5 | O68: =IF(M68="Yes",1,0) -> 0 | P68: =IF(SUMIFS($P$61:$P67,$F$61:$F67,"INTERMEDIATE")=1,O68*N68,0) -> 0
F69: ADVANCED | H69: Strategic approach - is able to create an innovative strategy to implement the business vision | M69: No | N69: =N68 -> 0.5 | O69: =IF(M69="Yes",1,0) -> 0 | P69: =IF(SUMIFS($P$61:$P68,$F$61:$F68,"INTERMEDIATE")=1,O69*N69,0) -> 0
F70: EXCEPTIONAL | H70: Almost unbelievable ability to get things done with almost zero resources | M70: No | N70: 1 | O70: =IF(M70="Yes",1,0) -> 0 | P70: =IF(SUMIFS($P$61:$P69,$F$61:$F69,"ADVANCED")=1,O70*N70,0) -> 0 | V70: Your Grade: | W70: {=IFERROR(INDEX(Parameters!$B$5:$B$9,MATCH(SUM($P$61:$P$70),Parameters!$C$5:$C$9,0)),INDEX(Parameters!$B$5:$B$9,MATCH(SUM($P$61:$P$70),Parameters!$C$5:$C$9,1)))} -> Intermediate
B73: Deliverables | D73: Complexity | F73: POOR | H73: Delivers standard tasks, done many times before within the organisation | M73: No | N73: 1 | O73: =IF(M73="No",1,0) -> 1 | P73: =O73*N73 -> 1
F74: BASIC | H74: Delivers a mix of standard and non-standard tasks | M74: Yes | N74: 1 | O74: =IF(M74="Yes",1,0) -> 1 | P74: =IF(SUMIFS($P73,$F73,"POOR")=1,O74*N74,0) -> 1
F75: INTERMEDIATE | H75: Delivers non-standard tasks, with few comparisons available within the organisation | M75: Yes | N75: 1 | O75: =IF(M75="Yes",1,0) -> 1 | P75: =IF(SUMIFS($P73:$P74,$F73:$F74,"BASIC")=1,O75*N75,0) -> 1
F76: ADVANCED | H76: Delivers highly complex tasks, with no / rare precedents | M76: Yes | N76: 1 | O76: =IF(M76="Yes",1,0) -> 1 | P76: =IF(SUMIFS($P73:$P75,$F73:$F75,"INTERMEDIATE")=1,O76*N76,0) -> 1
F77: EXCEPTIONAL | H77: Delivers exceptionally difficult and complex tasks requiring inventions of new methods | M77: No | N77: 1 | O77: =IF(M77="Yes",1,0) -> 0 | P77: =IF(SUMIFS($P73:$P76,$F73:$F76,"ADVANCED")=1,O77*N77,0) -> 0
D79: Quality | F79: POOR | H79: The quality is unacceptably low | M79: No | N79: 1 | O79: =IF(M79="No",1,0) -> 1 | P79: =O79*N79 -> 1
F80: BASIC | H80: Tasks are delivered to an acceptable standard, sometimes require several iterations before completion | M80: Yes | N80: 1 | O80: =IF(M80="Yes",1,0) -> 1 | P80: =IF(SUMIFS($P79,$F79,"POOR")=1,O80*N80,0) -> 1
F81: INTERMEDIATE | H81: Tasks are delivered to a high standard, typically require only 1 iteration | M81: Yes | N81: 1 | O81: =IF(M81="Yes",1,0) -> 1 | P81: =IF(SUMIFS($P79:$P80,$F79:$F80,"BASIC")=1,O81*N81,0) -> 1
F82: ADVANCED | H82: Tasks are always delivered to high standard, and require no iterations | M82: Yes | N82: 1 | O82: =IF(M82="Yes",1,0) -> 1 | P82: =IF(SUMIFS($P79:$P81,$F79:$F81,"INTERMEDIATE")=1,O82*N82,0) -> 1
F83: EXCEPTIONAL | H83: Able to create a vision for the business, translate into actionable plan and build a machine to execute. | M83: No | N83: 1 | O83: =IF(M83="Yes",1,0) -> 0 | P83: =IF(SUMIFS($P79:$P82,$F79:$F82,"ADVANCED")=1,O83*N83,0) -> 0
D85: Speed | F85: POOR | H85: Usually delivers tasks late, misses important deadlines | M85: No | N85: 1 | O85: =IF(M85="No",1,0) -> 1 | P85: =O85*N85 -> 1
F86: BASIC | H86: Usually completes tasks on time, rarely misses deadlines | M86: Yes | N86: 1 | O86: =IF(M86="Yes",1,0) -> 1 | P86: =IF(SUMIFS($P85,$F85,"POOR")=1,O86*N86,0) -> 1
F87: INTERMEDIATE | H87: Always meets deadlines, often beats them | M87: Yes | N87: 1 | O87: =IF(M87="Yes",1,0) -> 1 | P87: =IF(SUMIFS($P85:$P86,$F85:$F86,"BASIC")=1,O87*N87,0) -> 1
F88: ADVANCED | H88: Delivers very fast, habitually beats deadlines | M88: Yes | N88: 1 | O88: =IF(M88="Yes",1,0) -> 1 | P88: =IF(SUMIFS($P85:$P87,$F85:$F87,"INTERMEDIATE")=1,O88*N88,0) -> 1
F89: EXCEPTIONAL | H89: Self-guided missile - finds important targets, executes with exceptional standard beating deadlines by huge margins | M89: No | N89: 1 | O89: =IF(M89="Yes",1,0) -> 0 | P89: =IF(SUMIFS($P85:$P88,$F85:$F88,"ADVANCED")=1,O89*N89,0) -> 0 | V89: Your Grade: | W89: {=INDEX(Parameters!B5:B9,MATCH(SUM(P73:P77)*SUM(P79:P83,P85:P89),Parameters!E5:E9,1))} -> Advanced
B92: Skills | D92: Problem Solving | F92: POOR | H92: Demonstrates unstructured probelm-solving, fails to identify root causes or address basic symptoms | M92: No | N92: =1/COUNTA(H92) -> 1 | O92: =IF(M92="No",1,0) -> 1 | P92: =O92*N92 -> 1
F93: BASIC | H93: Shows common sense by recognizing false statements or assumptions | M93: Yes | N93: =1/COUNTA($H93:$H94) -> 0.5 | O93: =IF(M93="Yes",1,0) -> 1 | P93: =IF(SUMIFS($P$92:$P92,$F$92:$F92,"POOR")=1,O93*N93,0) -> 0.5
F94: BASIC | H94: Can break down simple problems based on data and resolve them | M94: Yes | N94: =N93 -> 0.5 | O94: =IF(M94="Yes",1,0) -> 1 | P94: =IF(SUMIFS($P$92:$P93,$F$92:$F93,"POOR")=1,O94*N94,0) -> 0.5
F95: INTERMEDIATE | H95: Identifies errors in seemingly correct statements or assumptions by applying critical thinking | M95: Yes | N95: =1/COUNTA($H95:$H96) -> 0.5 | O95: =IF(M95="Yes",1,0) -> 1 | P95: =IF(SUMIFS($P$92:$P94,$F$92:$F94,"BASIC")=1,O95*N95,0) -> 0.5
F96: INTERMEDIATE | H96: Delves into complex problems until reaching a deep understanding | M96: Yes | N96: =N95 -> 0.5 | O96: =IF(M96="Yes",1,0) -> 1 | P96: =IF(SUMIFS($P$92:$P95,$F$92:$F95,"BASIC")=1,O96*N96,0) -> 0.5 | Q96: e.g. traced a conversion drop to one config error
F97: ADVANCED | H97: Can synthesize a solution and connect issues that might not seem relevant at first | M97: Yes | N97: =1/COUNTA(H97:H98) -> 0.5 | O97: =IF(M97="Yes",1,0) -> 1 | P97: =IF(SUMIFS($P$92:$P96,$F$92:$F96,"INTERMEDIATE")=1,O97*N97,0) -> 0.5
F98: ADVANCED | H98: Approaches problem solving in an innovative way | M98: Yes | N98: =N97 -> 0.5 | O98: =IF(M98="Yes",1,0) -> 1 | P98: =IF(SUMIFS($P$92:$P97,$F$92:$F97,"INTERMEDIATE")=1,O98*N98,0) -> 0.5
F99: EXCEPTIONAL | H99: Engages in abstract thinking and can solve challenging problems by applying various advanced scientific methods | M99: No | N99: =1/COUNTA(H99) -> 1 | O99: =IF(M99="Yes",1,0) -> 0 | P99: =IF(SUMIFS($P$92:$P98,$F$92:$F98,"ADVANCED")=1,O99*N99,0) -> 0 | V99: Your Grade: | W99: {=IFERROR(INDEX(Parameters!$B$5:$B$9,MATCH(SUM($P$92:$P$99),Parameters!$C$5:$C$9,0)),INDEX(Parameters!$B$5:$B$9,MATCH(SUM($P$92:$P$99),Parameters!$C$5:$C$9,1)))} -> Advanced
D101: Lifecycle Management | F101: POOR | H101: Demonstrates limited understanding of the product development lifecycle | M101: No | N101: =1/COUNTA(H101) -> 1 | O101: =IF(M101="No",1,0) -> 1 | P101: =O101*N101 -> 1
F102: BASIC | H102: Is familiar with the stages of product development lifecycle | M102: Yes | N102: =1/COUNTA($H102:$H104) -> 0.33333333 | O102: =IF(M102="Yes",1,0) -> 1 | P102: =IF(SUMIFS($P$101:$P101,$F$101:$F101,"POOR")=1,O102*N102,0) -> 0.33333333
F103: BASIC | H103: Can follow a process and ensures consistency through each stage | M103: Yes | N103: =N102 -> 0.33333333 | O103: =IF(M103="Yes",1,0) -> 1 | P103: =IF(SUMIFS($P$101:$P102,$F$101:$F102,"POOR")=1,O103*N103,0) -> 0.33333333
F104: BASIC | H104: Can collaborate with various teams across the organization involved in the product development process | M104: Yes | N104: =N103 -> 0.33333333 | O104: =IF(M104="Yes",1,0) -> 1 | P104: =IF(SUMIFS($P$101:$P103,$F$101:$F103,"POOR")=1,O104*N104,0) -> 0.33333333
F105: INTERMEDIATE | H105: Can translate user needs into actionable product features and specifications | M105: Yes | N105: =1/COUNTA(H105:H107) -> 0.33333333 | O105: =IF(M105="Yes",1,0) -> 1 | P105: =IF(SUMIFS($P$101:$P104,$F$101:$F104,"BASIC")=1,O105*N105,0) -> 0.33333333
F106: INTERMEDIATE | H106: Can use Agile or Lean methodologies for product development | M106: Yes | N106: =N105 -> 0.33333333 | O106: =IF(M106="Yes",1,0) -> 1 | P106: =IF(SUMIFS($P$101:$P105,$F$101:$F105,"BASIC")=1,O106*N106,0) -> 0.33333333
F107: INTERMEDIATE | H107: Plans and executes quality assurance, to maintain high-quality standards | M107: Yes | N107: =N106 -> 0.33333333 | O107: =IF(M107="Yes",1,0) -> 1 | P107: =IF(SUMIFS($P$101:$P106,$F$101:$F106,"BASIC")=1,O107*N107,0) -> 0.33333333
F108: ADVANCED | H108: Takes a leading role in shaping product strategy and roadmap and takes into consideration market trends and business goals | M108: No | N108: =1/COUNTA(H108:H110) -> 0.33333333 | O108: =IF(M108="Yes",1,0) -> 0 | P108: =IF(SUMIFS($P$101:$P107,$F$101:$F107,"INTERMEDIATE")=1,O108*N108,0) -> 0
F109: ADVANCED | H109: Demonstrates proficiency in product design and UX/UI principles, collaborating with design teams for intuitive interfaces | M109: No | N109: =N108 -> 0.33333333 | O109: =IF(M109="Yes",1,0) -> 0 | P109: =IF(SUMIFS($P$101:$P108,$F$101:$F108,"INTERMEDIATE")=1,O109*N109,0) -> 0
F110: ADVANCED | H110: Is experienced in launching new products and developing go-to-market strategies, including marketing, pricing, etc. and ensures successful roll-outs | M110: No | N110: =N109 -> 0.33333333 | O110: =IF(M110="Yes",1,0) -> 0 | P110: =IF(SUMIFS($P$101:$P109,$F$101:$F109,"INTERMEDIATE")=1,O110*N110,0) -> 0
F111: EXCEPTIONAL | H111: Demonstrates strategic approach to product planning that position products for long-term success | M111: No | N111: =1/COUNTA(H111:H112) -> 0.5 | O111: =IF(M111="Yes",1,0) -> 0 | P111: =IF(SUMIFS($P$101:$P110,$F$101:$F110,"ADVANCED")=1,O111*N111,0) -> 0
F112: EXPERT | H112: Innovates in the product development lifecycle, staying updated with trends and technology | M112: No | N112: =N111 -> 0.5 | O112: =IF(M112="Yes",1,0) -> 0 | P112: =IF(SUMIFS($P$101:$P111,$F$101:$F111,"ADVANCED")=1,O112*N112,0) -> 0 | V112: Your Grade: | W112: {=IFERROR(INDEX(Parameters!$B$5:$B$9,MATCH(SUM($P$101:$P$112),Parameters!$C$5:$C$9,0)),INDEX(Parameters!$B$5:$B$9,MATCH(SUM($P$101:$P$112),Parameters!$C$5:$C$9,1)))} -> Intermediate
...

Sheet Parameters
B3: Scoring Scale
B4: Grade | C4: Score | D4: Score for Grading | E4: Score for Deliverables
B5: Poor | C5: 0 | D5: 0 | E5: 0
B6: Basic | C6: 1 | D6: 1.51 | E6: 8
B7: Intermediate | C7: 2.51 | D7: 2.51 | E7: 18
B8: Advanced | C8: 3.51 | D8: 3.51 | E8: 32
B9: Exceptional | C9: 4.51 | D9: 4.51 | E9: 50
B13: Competency Matrices
C15: Culture | F15: Deliverables | G15: Skills | J15: Number Version
C16: Dream Team | D16: Push the Limits | E16: Get it Done | F16: Deliverables | G16: Problem Solving | H16: Lifecycle Management | I16: Product Sense | J16: Dream Team | K16: Push the Limits | L16: Get it Done | M16: Deliverables | N16: Problem Solving | O16: Lifecycle Management | P16: Product Sense
B17: Junior | C17: Basic | D17: Basic | E17: Basic | F17: Basic | G17: Basic | H17: Basic | I17: Basic | J17: =INDEX($D$5:$D$9,MATCH(C17,$B$5:$B$9,0)) -> 1.51 | K17: =INDEX($D$5:$D$9,MATCH(D17,$B$5:$B$9,0)) -> 1.51 | L17: =INDEX($D$5:$D$9,MATCH(E17,$B$5:$B$9,0)) -> 1.51 | M17: =INDEX($D$5:$D$9,MATCH(F17,$B$5:$B$9,0)) -> 1.51 | N17: =INDEX($D$5:$D$9,MATCH(G17,$B$5:$B$9,0)) -> 1.51 | O17: =INDEX($D$5:$D$9,MATCH(H17,$B$5:$B$9,0)) -> 1.51 | P17: =INDEX($D$5:$D$9,MATCH(I17,$B$5:$B$9,0)) -> 1.51
B18: Mid | C18: Basic | D18: Basic | E18: Basic | F18: Intermediate | G18: Intermediate | H18: Basic | I18: Basic | J18: =INDEX($D$5:$D$9,MATCH(C18,$B$5:$B$9,0)) -> 1.51 | K18: =INDEX($D$5:$D$9,MATCH(D18,$B$5:$B$9,0)) -> 1.51 | L18: =INDEX($D$5:$D$9,MATCH(E18,$B$5:$B$9,0)) -> 1.51 | M18: =INDEX($D$5:$D$9,MATCH(F18,$B$5:$B$9,0)) -> 2.51 | N18: =INDEX($D$5:$D$9,MATCH(G18,$B$5:$B$9,0)) -> 2.51 | O18: =INDEX($D$5:$D$9,MATCH(H18,$B$5:$B$9,0)) -> 1.51 | P18: =INDEX($D$5:$D$9,MATCH(I18,$B$5:$B$9,0)) -> 1.51
B19: Senior | C19: Intermediate | D19: Basic | E19: Intermediate | F19: Intermediate | G19: Advanced | H19: Intermediate | I19: Intermediate | J19: =INDEX($D$5:$D$9,MATCH(C19,$B$5:$B$9,0)) -> 2.51 | K19: =INDEX($D$5:$D$9,MATCH(D19,$B$5:$B$9,0)) -> 1.51 | L19: =INDEX($D$5:$D$9,MATCH(E19,$B$5:$B$9,0)) -> 2.51 | M19: =INDEX($D$5:$D$9,MATCH(F19,$B$5:$B$9,0)) -> 2.51 | N19: =INDEX($D$5:$D$9,MATCH(G19,$B$5:$B$9,0)) -> 3.51 | O19: =INDEX($D$5:$D$9,MATCH(H19,$B$5:$B$9,0)) -> 2.51 | P19: =INDEX($D$5:$D$9,MATCH(I19,$B$5:$B$9,0)) -> 2.51
B20: Lead | C20: Advanced | D20: Intermediate | E20: Advanced | F20: Advanced | G20: Advanced | H20: Advanced | I20: Advanced | J20: =INDEX($D$5:$D$9,MATCH(C20,$B$5:$B$9,0)) -> 3.51 | K20: =INDEX($D$5:$D$9,MATCH(D20,$B$5:$B$9,0)) -> 2.51 | L20: =INDEX($D$5:$D$9,MATCH(E20,$B$5:$B$9,0)) -> 3.51 | M20: =INDEX($D$5:$D$9,MATCH(F20,$B$5:$B$9,0)) -> 3.51 | N20: =INDEX($D$5:$D$9,MATCH(G20,$B$5:$B$9,0)) -> 3.51 | O20: =INDEX($D$5:$D$9,MATCH(H20,$B$5:$B$9,0)) -> 3.51 | P20: =INDEX($D$5:$D$9,MATCH(I20,$B$5:$B$9,0)) -> 3.51
B22: Workings
B23: Employee Performance | J23: {=INDEX(Parameters!$D$5:$D$9,MATCH(INDEX('Assessment Scorecard'!$F$12:$F$19,MATCH(J$16,'Assessment Scorecard'!$D$12:$D$19,0)),Parameters!$B$5:$B$9,0))} -> 2.51 | K23: {=INDEX(Parameters!$D$5:$D$9,MATCH(INDEX('Assessment Scorecard'!$F$12:$F$19,MATCH(K$16,'Assessment Scorecard'!$D$12:$D$19,0)),Parameters!$B$5:$B$9,0))} -> 1.51 | L23: {=INDEX(Parameters!$D$5:$D$9,MATCH(INDEX('Assessment Scorecard'!$F$12:$F$19,MATCH(L$16,'Assessment Scorecard'!$D$12:$D$19,0)),Parameters!$B$5:$B$9,0))} -> 2.51 | M23: {=INDEX(Parameters!$D$5:$D$9,MATCH('Assessment Scorecard'!F15,Parameters!$B$5:$B$9,0))} -> 3.51 | N23: {=INDEX(Parameters!$D$5:$D$9,MATCH(INDEX('Assessment Scorecard'!$F$12:$F$19,MATCH(N$16,'Assessment Scorecard'!$D$12:$D$19,0)),Parameters!$B$5:$B$9,0))} -> 3.51 | O23: {=INDEX(Parameters!$D$5:$D$9,MATCH(INDEX('Assessment Scorecard'!$F$12:$F$19,MATCH(O$16,'Assessment Scorecard'!$D$12:$D$19,0)),Parameters!$B$5:$B$9,0))} -> 2.51 | P23: {=INDEX(Parameters!$D$5:$D$9,MATCH(INDEX('Assessment Scorecard'!$F$12:$F$19,MATCH(P$16,'Assessment Scorecard'!$D$12:$D$19,0)),Parameters!$B$5:$B$9,0))} -> 2.51
B24: Talent Bar | J24: {=INDEX(J$17:J$20,MATCH('Assessment Scorecard'!$F$5,$B$17:$B$20,0))} -> 1.51 | K24: {=INDEX(K$17:K$20,MATCH('Assessment Scorecard'!$F$5,$B$17:$B$20,0))} -> 1.51 | L24: {=INDEX(L$17:L$20,MATCH('Assessment Scorecard'!$F$5,$B$17:$B$20,0))} -> 1.51 | M24: {=INDEX(M$17:M$20,MATCH('Assessment Scorecard'!$F$5,$B$17:$B$20,0))} -> 2.51 | N24: {=INDEX(N$17:N$20,MATCH('Assessment Scorecard'!$F$5,$B$17:$B$20,0))} -> 2.51 | O24: {=INDEX(O$17:O$20,MATCH('Assessment Scorecard'!$F$5,$B$17:$B$20,0))} -> 1.51 | P24: {=INDEX(P$17:P$20,MATCH('Assessment Scorecard'!$F$5,$B$17:$B$20,0))} -> 1.51
B25: Diff | J25: =J23-J24 -> 1 | K25: =K23-K24 -> 0 | L25: =L23-L24 -> 1 | M25: =M23-M24 -> 1 | N25: =N23-N24 -> 1 | O25: =O23-O24 -> 1 | P25: =P23-P24 -> 1
